0,2011-05-16 00:00:00
1,2011-05-16 00:05:00
2,2011-05-16 00:10:00
3,2011-05-16 00:15:00
4,2011-05-16 00:20:00
5,2011-05-16 00:25:00
6,2011-05-16 00:30:00
7,2011-05-16 00:35:00
8,2011-05-16 00:40:00
9,2011-05-16 00:45:00
10,2011-05-16 00:50:00
11,2011-05-16 00:55:00
12,2011-05-16 01:00:00
13,2011-05-16 01:05:00
14,2011-05-16 01:10:00
15,2011-05-16 01:15:00
16,2011-05-16 01:20:00
17,2011-05-16 01:25:00
18,2011-05-16 01:30:00
19,2011-05-16 01:35:00
20,2011-05-16 01:40:00
21,2011-05-16 01:45:00
22,2011-05-16 01:50:00
23,2011-05-16 01:55:00
24,2011-05-16 02:00:00
25,2011-05-16 02:05:00
26,2011-05-16 02:10:00
27,2011-05-16 02:15:00
28,2011-05-16 02:20:00
29,2011-05-16 02:25:00
30,2011-05-16 02:30:00
31,2011-05-16 02:35:00
32,2011-05-16 02:40:00
33,2011-05-16 02:45:00
34,2011-05-16 02:50:00
35,2011-05-16 02:55:00
36,2011-05-16 03:00:00
37,2011-05-16 03:05:00
38,2011-05-16 03:10:00
39,2011-05-16 03:15:00
40,2011-05-16 03:20:00
41,2011-05-16 03:25:00
42,2011-05-16 03:30:00
43,2011-05-16 03:35:00
44,2011-05-16 03:40:00
45,2011-05-16 03:45:00
46,2011-05-16 03:50:00
47,2011-05-16 03:55:00
48,2011-05-16 04:00:00
49,2011-05-16 04:05:00
50,2011-05-16 04:10:00
51,2011-05-16 04:15:00
52,2011-05-16 04:20:00
53,2011-05-16 04:25:00
54,2011-05-16 04:30:00
55,2011-05-16 04:35:00
56,2011-05-16 04:40:00
57,2011-05-16 04:45:00
58,2011-05-16 04:50:00
59,2011-05-16 04:55:00
60,2011-05-16 05:00:00
61,2011-05-16 05:05:00
62,2011-05-16 05:10:00
63,2011-05-16 05:15:00
64,2011-05-16 05:20:00
65,2011-05-16 05:25:00
66,2011-05-16 05:30:00
67,2011-05-16 05:35:00
68,2011-05-16 05:40:00
69,2011-05-16 05:45:00
70,2011-05-16 05:50:00
71,2011-05-16 05:55:00
72,2011-05-16 06:00:00
73,2011-05-16 06:05:00
74,2011-05-16 06:10:00
75,2011-05-16 06:15:00
76,2011-05-16 06:20:00
77,2011-05-16 06:25:00
78,2011-05-16 06:30:00
79,2011-05-16 06:35:00
80,2011-05-16 06:40:00
81,2011-05-16 06:45:00
82,2011-05-16 06:50:00
83,2011-05-16 06:55:00
84,2011-05-16 07:00:00
85,2011-05-16 07:05:00
86,2011-05-16 07:10:00
87,2011-05-16 07:15:00
88,2011-05-16 07:20:00
89,2011-05-16 07:25:00
90,2011-05-16 07:30:00
91,2011-05-16 07:35:00
92,2011-05-16 07:40:00
93,2011-05-16 07:45:00
94,2011-05-16 07:50:00
95,2011-05-16 07:55:00
96,2011-05-16 08:00:00
97,2011-05-16 08:05:00
98,2011-05-16 08:10:00
99,2011-05-16 08:15:00
100,2011-05-16 08:20:00
101,2011-05-16 08:25:00
102,2011-05-16 08:30:00
103,2011-05-16 08:35:00
104,2011-05-16 08:40:00
105,2011-05-16 08:45:00
106,2011-05-16 08:50:00
107,2011-05-16 08:55:00
108,2011-05-16 09:00:00
109,2011-05-16 09:05:00
110,2011-05-16 09:10:00
111,2011-05-16 09:15:00
112,2011-05-16 09:20:00
113,2011-05-16 09:25:00
114,2011-05-16 09:30:00
115,2011-05-16 09:35:00
116,2011-05-16 09:40:00
117,2011-05-16 09:45:00
118,2011-05-16 09:50:00
119,2011-05-16 09:55:00
120,2011-05-16 10:00:00
121,2011-05-16 10:05:00
122,2011-05-16 10:10:00
123,2011-05-16 10:15:00
124,2011-05-16 10:20:00
125,2011-05-16 10:25:00
126,2011-05-16 10:30:00
127,2011-05-16 10:35:00
128,2011-05-16 10:40:00
129,2011-05-16 10:45:00
130,2011-05-16 10:50:00
131,2011-05-16 10:55:00
132,2011-05-16 11:00:00
133,2011-05-16 11:05:00
134,2011-05-16 11:10:00
135,2011-05-16 11:15:00
136,2011-05-16 11:20:00
137,2011-05-16 11:25:00
138,2011-05-16 11:30:00
139,2011-05-16 11:35:00
140,2011-05-16 11:40:00
141,2011-05-16 11:45:00
142,2011-05-16 11:50:00
143,2011-05-16 11:55:00
144,2011-05-16 12:00:00
145,2011-05-16 12:05:00
146,2011-05-16 12:10:00
147,2011-05-16 12:15:00
148,2011-05-16 12:20:00
149,2011-05-16 12:25:00
150,2011-05-16 12:30:00
151,2011-05-16 12:35:00
152,2011-05-16 12:40:00
153,2011-05-16 12:45:00
154,2011-05-16 12:50:00
155,2011-05-16 12:55:00
156,2011-05-16 13:00:00
157,2011-05-16 13:05:00
158,2011-05-16 13:10:00
159,2011-05-16 13:15:00
160,2011-05-16 13:20:00
161,2011-05-16 13:25:00
162,2011-05-16 13:30:00
163,2011-05-16 13:35:00
164,2011-05-16 13:40:00
165,2011-05-16 13:45:00
166,2011-05-16 13:50:00
167,2011-05-16 13:55:00
168,2011-05-16 14:00:00
169,2011-05-16 14:05:00
170,2011-05-16 14:10:00
171,2011-05-16 14:15:00
172,2011-05-16 14:20:00
173,2011-05-16 14:25:00
174,2011-05-16 14:30:00
175,2011-05-16 14:35:00
176,2011-05-16 14:40:00
177,2011-05-16 14:45:00
178,2011-05-16 14:50:00
179,2011-05-16 14:55:00
180,2011-05-16 15:00:00
181,2011-05-16 15:05:00
182,2011-05-16 15:10:00
183,2011-05-16 15:15:00
184,2011-05-16 15:20:00
185,2011-05-16 15:25:00
186,2011-05-16 15:30:00
187,2011-05-16 15:35:00
188,2011-05-16 15:40:00
189,2011-05-16 15:45:00
190,2011-05-16 15:50:00
191,2011-05-16 15:55:00
192,2011-05-16 16:00:00
193,2011-05-16 16:05:00
194,2011-05-16 16:10:00
195,2011-05-16 16:15:00
196,2011-05-16 16:20:00
197,2011-05-16 16:25:00
198,2011-05-16 16:30:00
199,2011-05-16 16:35:00
200,2011-05-16 16:40:00
201,2011-05-16 16:45:00
202,2011-05-16 16:50:00
203,2011-05-16 16:55:00
204,2011-05-16 17:00:00
205,2011-05-16 17:05:00
206,2011-05-16 17:10:00
207,2011-05-16 17:15:00
208,2011-05-16 17:20:00
209,2011-05-16 17:25:00
210,2011-05-16 17:30:00
211,2011-05-16 17:35:00
212,2011-05-16 17:40:00
213,2011-05-16 17:45:00
214,2011-05-16 17:50:00
215,2011-05-16 17:55:00
216,2011-05-16 18:00:00
217,2011-05-16 18:05:00
218,2011-05-16 18:10:00
219,2011-05-16 18:15:00
220,2011-05-16 18:20:00
221,2011-05-16 18:25:00
222,2011-05-16 18:30:00
223,2011-05-16 18:35:00
224,2011-05-16 18:40:00
225,2011-05-16 18:45:00
226,2011-05-16 18:50:00
227,2011-05-16 18:55:00
228,2011-05-16 19:00:00
229,2011-05-16 19:05:00
230,2011-05-16 19:10:00
231,2011-05-16 19:15:00
232,2011-05-16 19:20:00
233,2011-05-16 19:25:00
234,2011-05-16 19:30:00
235,2011-05-16 19:35:00
236,2011-05-16 19:40:00
237,2011-05-16 19:45:00
238,2011-05-16 19:50:00
239,2011-05-16 19:55:00
240,2011-05-16 20:00:00
241,2011-05-16 20:05:00
242,2011-05-16 20:10:00
243,2011-05-16 20:15:00
244,2011-05-16 20:20:00
245,2011-05-16 20:25:00
246,2011-05-16 20:30:00
247,2011-05-16 20:35:00
248,2011-05-16 20:40:00
249,2011-05-16 20:45:00
250,2011-05-16 20:50:00
251,2011-05-16 20:55:00
252,2011-05-16 21:00:00
253,2011-05-16 21:05:00
254,2011-05-16 21:10:00
255,2011-05-16 21:15:00
256,2011-05-16 21:20:00
257,2011-05-16 21:25:00
258,2011-05-16 21:30:00
259,2011-05-16 21:35:00
260,2011-05-16 21:40:00
261,2011-05-16 21:45:00
262,2011-05-16 21:50:00
263,2011-05-16 21:55:00
264,2011-05-16 22:00:00
265,2011-05-16 22:05:00
266,2011-05-16 22:10:00
267,2011-05-16 22:15:00
268,2011-05-16 22:20:00
269,2011-05-16 22:25:00
270,2011-05-16 22:30:00
271,2011-05-16 22:35:00
272,2011-05-16 22:40:00
273,2011-05-16 22:45:00
274,2011-05-16 22:50:00
275,2011-05-16 22:55:00
276,2011-05-16 23:00:00
277,2011-05-16 23:05:00
278,2011-05-16 23:10:00
279,2011-05-16 23:15:00
280,2011-05-16 23:20:00
281,2011-05-16 23:25:00
282,2011-05-16 23:30:00
283,2011-05-16 23:35:00
284,2011-05-16 23:40:00
285,2011-05-16 23:45:00
286,2011-05-16 23:50:00
287,2011-05-16 23:55:00
288,2011-05-17 00:00:00
289,2011-05-17 00:05:00
290,2011-05-17 00:10:00
291,2011-05-17 00:15:00
292,2011-05-17 00:20:00
293,2011-05-17 00:25:00
294,2011-05-17 00:30:00
295,2011-05-17 00:35:00
296,2011-05-17 00:40:00
297,2011-05-17 00:45:00
298,2011-05-17 00:50:00
299,2011-05-17 00:55:00
300,2011-05-17 01:00:00
301,2011-05-17 01:05:00
302,2011-05-17 01:10:00
303,2011-05-17 01:15:00
304,2011-05-17 01:20:00
305,2011-05-17 01:25:00
306,2011-05-17 01:30:00
307,2011-05-17 01:35:00
308,2011-05-17 01:40:00
309,2011-05-17 01:45:00
310,2011-05-17 01:50:00
311,2011-05-17 01:55:00
312,2011-05-17 02:00:00
313,2011-05-17 02:05:00
314,2011-05-17 02:10:00
315,2011-05-17 02:15:00
316,2011-05-17 02:20:00
317,2011-05-17 02:25:00
318,2011-05-17 02:30:00
319,2011-05-17 02:35:00
320,2011-05-17 02:40:00
321,2011-05-17 02:45:00
322,2011-05-17 02:50:00
323,2011-05-17 02:55:00
324,2011-05-17 03:00:00
325,2011-05-17 03:05:00
326,2011-05-17 03:10:00
327,2011-05-17 03:15:00
328,2011-05-17 03:20:00
329,2011-05-17 03:25:00
330,2011-05-17 03:30:00
331,2011-05-17 03:35:00
332,2011-05-17 03:40:00
333,2011-05-17 03:45:00
334,2011-05-17 03:50:00
335,2011-05-17 03:55:00
336,2011-05-17 04:00:00
337,2011-05-17 04:05:00
338,2011-05-17 04:10:00
339,2011-05-17 04:15:00
340,2011-05-17 04:20:00
341,2011-05-17 04:25:00
342,2011-05-17 04:30:00
343,2011-05-17 04:35:00
344,2011-05-17 04:40:00
345,2011-05-17 04:45:00
346,2011-05-17 04:50:00
347,2011-05-17 04:55:00
348,2011-05-17 05:00:00
349,2011-05-17 05:05:00
350,2011-05-17 05:10:00
351,2011-05-17 05:15:00
352,2011-05-17 05:20:00
353,2011-05-17 05:25:00
354,2011-05-17 05:30:00
355,2011-05-17 05:35:00
356,2011-05-17 05:40:00
357,2011-05-17 05:45:00
358,2011-05-17 05:50:00
359,2011-05-17 05:55:00
360,2011-05-17 06:00:00
361,2011-05-17 06:05:00
362,2011-05-17 06:10:00
363,2011-05-17 06:15:00
364,2011-05-17 06:20:00
365,2011-05-17 06:25:00
366,2011-05-17 06:30:00
367,2011-05-17 06:35:00
368,2011-05-17 06:40:00
369,2011-05-17 06:45:00
370,2011-05-17 06:50:00
371,2011-05-17 06:55:00
372,2011-05-17 07:00:00
373,2011-05-17 07:05:00
374,2011-05-17 07:10:00
375,2011-05-17 07:15:00
376,2011-05-17 07:20:00
377,2011-05-17 07:25:00
378,2011-05-17 07:30:00
379,2011-05-17 07:35:00
380,2011-05-17 07:40:00
381,2011-05-17 07:45:00
382,2011-05-17 07:50:00
383,2011-05-17 07:55:00
384,2011-05-17 08:00:00
385,2011-05-17 08:05:00
386,2011-05-17 08:10:00
387,2011-05-17 08:15:00
388,2011-05-17 08:20:00
389,2011-05-17 08:25:00
390,2011-05-17 08:30:00
391,2011-05-17 08:35:00
392,2011-05-17 08:40:00
393,2011-05-17 08:45:00
394,2011-05-17 08:50:00
395,2011-05-17 08:55:00
396,2011-05-17 09:00:00
397,2011-05-17 09:05:00
398,2011-05-17 09:10:00
399,2011-05-17 09:15:00
400,2011-05-17 09:20:00
401,2011-05-17 09:25:00
402,2011-05-17 09:30:00
403,2011-05-17 09:35:00
404,2011-05-17 09:40:00
405,2011-05-17 09:45:00
406,2011-05-17 09:50:00
407,2011-05-17 09:55:00
408,2011-05-17 10:00:00
409,2011-05-17 10:05:00
410,2011-05-17 10:10:00
411,2011-05-17 10:15:00
412,2011-05-17 10:20:00
413,2011-05-17 10:25:00
414,2011-05-17 10:30:00
415,2011-05-17 10:35:00
416,2011-05-17 10:40:00
417,2011-05-17 10:45:00
418,2011-05-17 10:50:00
419,2011-05-17 10:55:00
420,2011-05-17 11:00:00
421,2011-05-17 11:05:00
422,2011-05-17 11:10:00
423,2011-05-17 11:15:00
424,2011-05-17 11:20:00
425,2011-05-17 11:25:00
426,2011-05-17 11:30:00
427,2011-05-17 11:35:00
428,2011-05-17 11:40:00
429,2011-05-17 11:45:00
430,2011-05-17 11:50:00
431,2011-05-17 11:55:00
432,2011-05-17 12:00:00
433,2011-05-17 12:05:00
434,2011-05-17 12:10:00
435,2011-05-17 12:15:00
436,2011-05-17 12:20:00
437,2011-05-17 12:25:00
438,2011-05-17 12:30:00
439,2011-05-17 12:35:00
440,2011-05-17 12:40:00
441,2011-05-17 12:45:00
442,2011-05-17 12:50:00
443,2011-05-17 12:55:00
444,2011-05-17 13:00:00
445,2011-05-17 13:05:00
446,2011-05-17 13:10:00
447,2011-05-17 13:15:00
448,2011-05-17 13:20:00
449,2011-05-17 13:25:00
450,2011-05-17 13:30:00
451,2011-05-17 13:35:00
452,2011-05-17 13:40:00
453,2011-05-17 13:45:00
454,2011-05-17 13:50:00
455,2011-05-17 13:55:00
456,2011-05-17 14:00:00
457,2011-05-17 14:05:00
458,2011-05-17 14:10:00
459,2011-05-17 14:15:00
460,2011-05-17 14:20:00
461,2011-05-17 14:25:00
462,2011-05-17 14:30:00
463,2011-05-17 14:35:00
464,2011-05-17 14:40:00
465,2011-05-17 14:45:00
466,2011-05-17 14:50:00
467,2011-05-17 14:55:00
468,2011-05-17 15:00:00
469,2011-05-17 15:05:00
470,2011-05-17 15:10:00
471,2011-05-17 15:15:00
472,2011-05-17 15:20:00
473,2011-05-17 15:25:00
474,2011-05-17 15:30:00
475,2011-05-17 15:35:00
476,2011-05-17 15:40:00
477,2011-05-17 15:45:00
478,2011-05-17 15:50:00
479,2011-05-17 15:55:00
480,2011-05-17 16:00:00
481,2011-05-17 16:05:00
482,2011-05-17 16:10:00
483,2011-05-17 16:15:00
484,2011-05-17 16:20:00
485,2011-05-17 16:25:00
486,2011-05-17 16:30:00
487,2011-05-17 16:35:00
488,2011-05-17 16:40:00
489,2011-05-17 16:45:00
490,2011-05-17 16:50:00
491,2011-05-17 16:55:00
492,2011-05-17 17:00:00
493,2011-05-17 17:05:00
494,2011-05-17 17:10:00
495,2011-05-17 17:15:00
496,2011-05-17 17:20:00
497,2011-05-17 17:25:00
498,2011-05-17 17:30:00
499,2011-05-17 17:35:00
500,2011-05-17 17:40:00
501,2011-05-17 17:45:00
502,2011-05-17 17:50:00
503,2011-05-17 17:55:00
504,2011-05-17 18:00:00
505,2011-05-17 18:05:00
506,2011-05-17 18:10:00
507,2011-05-17 18:15:00
508,2011-05-17 18:20:00
509,2011-05-17 18:25:00
510,2011-05-17 18:30:00
511,2011-05-17 18:35:00
512,2011-05-17 18:40:00
513,2011-05-17 18:45:00
514,2011-05-17 18:50:00
515,2011-05-17 18:55:00
516,2011-05-17 19:00:00
517,2011-05-17 19:05:00
518,2011-05-17 19:10:00
519,2011-05-17 19:15:00
520,2011-05-17 19:20:00
521,2011-05-17 19:25:00
522,2011-05-17 19:30:00
523,2011-05-17 19:35:00
524,2011-05-17 19:40:00
525,2011-05-17 19:45:00
526,2011-05-17 19:50:00
527,2011-05-17 19:55:00
528,2011-05-17 20:00:00
529,2011-05-17 20:05:00
530,2011-05-17 20:10:00
531,2011-05-17 20:15:00
532,2011-05-17 20:20:00
533,2011-05-17 20:25:00
534,2011-05-17 20:30:00
535,2011-05-17 20:35:00
536,2011-05-17 20:40:00
537,2011-05-17 20:45:00
538,2011-05-17 20:50:00
539,2011-05-17 20:55:00
540,2011-05-17 21:00:00
541,2011-05-17 21:05:00
542,2011-05-17 21:10:00
543,2011-05-17 21:15:00
544,2011-05-17 21:20:00
545,2011-05-17 21:25:00
546,2011-05-17 21:30:00
547,2011-05-17 21:35:00
548,2011-05-17 21:40:00
549,2011-05-17 21:45:00
550,2011-05-17 21:50:00
551,2011-05-17 21:55:00
552,2011-05-17 22:00:00
553,2011-05-17 22:05:00
554,2011-05-17 22:10:00
555,2011-05-17 22:15:00
556,2011-05-17 22:20:00
557,2011-05-17 22:25:00
558,2011-05-17 22:30:00
559,2011-05-17 22:35:00
560,2011-05-17 22:40:00
561,2011-05-17 22:45:00
562,2011-05-17 22:50:00
563,2011-05-17 22:55:00
564,2011-05-17 23:00:00
565,2011-05-17 23:05:00
566,2011-05-17 23:10:00
567,2011-05-17 23:15:00
568,2011-05-17 23:20:00
569,2011-05-17 23:25:00
570,2011-05-17 23:30:00
571,2011-05-17 23:35:00
572,2011-05-17 23:40:00
573,2011-05-17 23:45:00
574,2011-05-17 23:50:00
575,2011-05-17 23:55:00
576,2011-05-18 00:00:00
577,2011-05-18 00:05:00
578,2011-05-18 00:10:00
579,2011-05-18 00:15:00
580,2011-05-18 00:20:00
581,2011-05-18 00:25:00
582,2011-05-18 00:30:00
583,2011-05-18 00:35:00
584,2011-05-18 00:40:00
585,2011-05-18 00:45:00
586,2011-05-18 00:50:00
587,2011-05-18 00:55:00
588,2011-05-18 01:00:00
589,2011-05-18 01:05:00
590,2011-05-18 01:10:00
591,2011-05-18 01:15:00
592,2011-05-18 01:20:00
593,2011-05-18 01:25:00
594,2011-05-18 01:30:00
595,2011-05-18 01:35:00
596,2011-05-18 01:40:00
597,2011-05-18 01:45:00
598,2011-05-18 01:50:00
599,2011-05-18 01:55:00
600,2011-05-18 02:00:00
601,2011-05-18 02:05:00
602,2011-05-18 02:10:00
603,2011-05-18 02:15:00
604,2011-05-18 02:20:00
605,2011-05-18 02:25:00
606,2011-05-18 02:30:00
607,2011-05-18 02:35:00
608,2011-05-18 02:40:00
609,2011-05-18 02:45:00
610,2011-05-18 02:50:00
611,2011-05-18 02:55:00
612,2011-05-18 03:00:00
613,2011-05-18 03:05:00
614,2011-05-18 03:10:00
615,2011-05-18 03:15:00
616,2011-05-18 03:20:00
617,2011-05-18 03:25:00
618,2011-05-18 03:30:00
619,2011-05-18 03:35:00
620,2011-05-18 03:40:00
621,2011-05-18 03:45:00
622,2011-05-18 03:50:00
623,2011-05-18 03:55:00
624,2011-05-18 04:00:00
625,2011-05-18 04:05:00
626,2011-05-18 04:10:00
627,2011-05-18 04:15:00
628,2011-05-18 04:20:00
629,2011-05-18 04:25:00
630,2011-05-18 04:30:00
631,2011-05-18 04:35:00
632,2011-05-18 04:40:00
633,2011-05-18 04:45:00
634,2011-05-18 04:50:00
635,2011-05-18 04:55:00
636,2011-05-18 05:00:00
637,2011-05-18 05:05:00
638,2011-05-18 05:10:00
639,2011-05-18 05:15:00
640,2011-05-18 05:20:00
641,2011-05-18 05:25:00
642,2011-05-18 05:30:00
643,2011-05-18 05:35:00
644,2011-05-18 05:40:00
645,2011-05-18 05:45:00
646,2011-05-18 05:50:00
647,2011-05-18 05:55:00
648,2011-05-18 06:00:00
649,2011-05-18 06:05:00
650,2011-05-18 06:10:00
651,2011-05-18 06:15:00
652,2011-05-18 06:20:00
653,2011-05-18 06:25:00
654,2011-05-18 06:30:00
655,2011-05-18 06:35:00
656,2011-05-18 06:40:00
657,2011-05-18 06:45:00
658,2011-05-18 06:50:00
659,2011-05-18 06:55:00
660,2011-05-18 07:00:00
661,2011-05-18 07:05:00
662,2011-05-18 07:10:00
663,2011-05-18 07:15:00
664,2011-05-18 07:20:00
665,2011-05-18 07:25:00
666,2011-05-18 07:30:00
667,2011-05-18 07:35:00
668,2011-05-18 07:40:00
669,2011-05-18 07:45:00
670,2011-05-18 07:50:00
671,2011-05-18 07:55:00
672,2011-05-18 08:00:00
673,2011-05-18 08:05:00
674,2011-05-18 08:10:00
675,2011-05-18 08:15:00
676,2011-05-18 08:20:00
677,2011-05-18 08:25:00
678,2011-05-18 08:30:00
679,2011-05-18 08:35:00
680,2011-05-18 08:40:00
681,2011-05-18 08:45:00
682,2011-05-18 08:50:00
683,2011-05-18 08:55:00
684,2011-05-18 09:00:00
685,2011-05-18 09:05:00
686,2011-05-18 09:10:00
687,2011-05-18 09:15:00
688,2011-05-18 09:20:00
689,2011-05-18 09:25:00
690,2011-05-18 09:30:00
691,2011-05-18 09:35:00
692,2011-05-18 09:40:00
693,2011-05-18 09:45:00
694,2011-05-18 09:50:00
695,2011-05-18 09:55:00
696,2011-05-18 10:00:00
697,2011-05-18 10:05:00
698,2011-05-18 10:10:00
699,2011-05-18 10:15:00
700,2011-05-18 10:20:00
701,2011-05-18 10:25:00
702,2011-05-18 10:30:00
703,2011-05-18 10:35:00
704,2011-05-18 10:40:00
705,2011-05-18 10:45:00
706,2011-05-18 10:50:00
707,2011-05-18 10:55:00
708,2011-05-18 11:00:00
709,2011-05-18 11:05:00
710,2011-05-18 11:10:00
711,2011-05-18 11:15:00
712,2011-05-18 11:20:00
713,2011-05-18 11:25:00
714,2011-05-18 11:30:00
715,2011-05-18 11:35:00
716,2011-05-18 11:40:00
717,2011-05-18 11:45:00
718,2011-05-18 11:50:00
719,2011-05-18 11:55:00
720,2011-05-18 12:00:00
721,2011-05-18 12:05:00
722,2011-05-18 12:10:00
723,2011-05-18 12:15:00
724,2011-05-18 12:20:00
725,2011-05-18 12:25:00
726,2011-05-18 12:30:00
727,2011-05-18 12:35:00
728,2011-05-18 12:40:00
729,2011-05-18 12:45:00
730,2011-05-18 12:50:00
731,2011-05-18 12:55:00
732,2011-05-18 13:00:00
733,2011-05-18 13:05:00
734,2011-05-18 13:10:00
735,2011-05-18 13:15:00
736,2011-05-18 13:20:00
737,2011-05-18 13:25:00
738,2011-05-18 13:30:00
739,2011-05-18 13:35:00
740,2011-05-18 13:40:00
741,2011-05-18 13:45:00
742,2011-05-18 13:50:00
743,2011-05-18 13:55:00
744,2011-05-18 14:00:00
745,2011-05-18 14:05:00
746,2011-05-18 14:10:00
747,2011-05-18 14:15:00
748,2011-05-18 14:20:00
749,2011-05-18 14:25:00
750,2011-05-18 14:30:00
751,2011-05-18 14:35:00
752,2011-05-18 14:40:00
753,2011-05-18 14:45:00
754,2011-05-18 14:50:00
755,2011-05-18 14:55:00
756,2011-05-18 15:00:00
757,2011-05-18 15:05:00
758,2011-05-18 15:10:00
759,2011-05-18 15:15:00
760,2011-05-18 15:20:00
761,2011-05-18 15:25:00
762,2011-05-18 15:30:00
763,2011-05-18 15:35:00
764,2011-05-18 15:40:00
765,2011-05-18 15:45:00
766,2011-05-18 15:50:00
767,2011-05-18 15:55:00
768,2011-05-18 16:00:00
769,2011-05-18 16:05:00
770,2011-05-18 16:10:00
771,2011-05-18 16:15:00
772,2011-05-18 16:20:00
773,2011-05-18 16:25:00
774,2011-05-18 16:30:00
775,2011-05-18 16:35:00
776,2011-05-18 16:40:00
777,2011-05-18 16:45:00
778,2011-05-18 16:50:00
779,2011-05-18 16:55:00
780,2011-05-18 17:00:00
781,2011-05-18 17:05:00
782,2011-05-18 17:10:00
783,2011-05-18 17:15:00
784,2011-05-18 17:20:00
785,2011-05-18 17:25:00
786,2011-05-18 17:30:00
787,2011-05-18 17:35:00
788,2011-05-18 17:40:00
789,2011-05-18 17:45:00
790,2011-05-18 17:50:00
791,2011-05-18 17:55:00
792,2011-05-18 18:00:00
793,2011-05-18 18:05:00
794,2011-05-18 18:10:00
795,2011-05-18 18:15:00
796,2011-05-18 18:20:00
797,2011-05-18 18:25:00
798,2011-05-18 18:30:00
799,2011-05-18 18:35:00
800,2011-05-18 18:40:00
801,2011-05-18 18:45:00
802,2011-05-18 18:50:00
803,2011-05-18 18:55:00
804,2011-05-18 19:00:00
805,2011-05-18 19:05:00
806,2011-05-18 19:10:00
807,2011-05-18 19:15:00
808,2011-05-18 19:20:00
809,2011-05-18 19:25:00
810,2011-05-18 19:30:00
811,2011-05-18 19:35:00
812,2011-05-18 19:40:00
813,2011-05-18 19:45:00
814,2011-05-18 19:50:00
815,2011-05-18 19:55:00
816,2011-05-18 20:00:00
817,2011-05-18 20:05:00
818,2011-05-18 20:10:00
819,2011-05-18 20:15:00
820,2011-05-18 20:20:00
821,2011-05-18 20:25:00
822,2011-05-18 20:30:00
823,2011-05-18 20:35:00
824,2011-05-18 20:40:00
825,2011-05-18 20:45:00
826,2011-05-18 20:50:00
827,2011-05-18 20:55:00
828,2011-05-18 21:00:00
829,2011-05-18 21:05:00
830,2011-05-18 21:10:00
831,2011-05-18 21:15:00
832,2011-05-18 21:20:00
833,2011-05-18 21:25:00
834,2011-05-18 21:30:00
835,2011-05-18 21:35:00
836,2011-05-18 21:40:00
837,2011-05-18 21:45:00
838,2011-05-18 21:50:00
839,2011-05-18 21:55:00
840,2011-05-18 22:00:00
841,2011-05-18 22:05:00
842,2011-05-18 22:10:00
843,2011-05-18 22:15:00
844,2011-05-18 22:20:00
845,2011-05-18 22:25:00
846,2011-05-18 22:30:00
847,2011-05-18 22:35:00
848,2011-05-18 22:40:00
849,2011-05-18 22:45:00
850,2011-05-18 22:50:00
851,2011-05-18 22:55:00
852,2011-05-18 23:00:00
853,2011-05-18 23:05:00
854,2011-05-18 23:10:00
855,2011-05-18 23:15:00
856,2011-05-18 23:20:00
857,2011-05-18 23:25:00
858,2011-05-18 23:30:00
859,2011-05-18 23:35:00
860,2011-05-18 23:40:00
861,2011-05-18 23:45:00
862,2011-05-18 23:50:00
863,2011-05-18 23:55:00
864,2011-05-19 00:00:00
865,2011-05-19 00:05:00
866,2011-05-19 00:10:00
867,2011-05-19 00:15:00
868,2011-05-19 00:20:00
869,2011-05-19 00:25:00
870,2011-05-19 00:30:00
871,2011-05-19 00:35:00
872,2011-05-19 00:40:00
873,2011-05-19 00:45:00
874,2011-05-19 00:50:00
875,2011-05-19 00:55:00
876,2011-05-19 01:00:00
877,2011-05-19 01:05:00
878,2011-05-19 01:10:00
879,2011-05-19 01:15:00
880,2011-05-19 01:20:00
881,2011-05-19 01:25:00
882,2011-05-19 01:30:00
883,2011-05-19 01:35:00
884,2011-05-19 01:40:00
885,2011-05-19 01:45:00
886,2011-05-19 01:50:00
887,2011-05-19 01:55:00
888,2011-05-19 02:00:00
889,2011-05-19 02:05:00
890,2011-05-19 02:10:00
891,2011-05-19 02:15:00
892,2011-05-19 02:20:00
893,2011-05-19 02:25:00
894,2011-05-19 02:30:00
895,2011-05-19 02:35:00
896,2011-05-19 02:40:00
897,2011-05-19 02:45:00
898,2011-05-19 02:50:00
899,2011-05-19 02:55:00
900,2011-05-19 03:00:00
901,2011-05-19 03:05:00
902,2011-05-19 03:10:00
903,2011-05-19 03:15:00
904,2011-05-19 03:20:00
905,2011-05-19 03:25:00
906,2011-05-19 03:30:00
907,2011-05-19 03:35:00
908,2011-05-19 03:40:00
909,2011-05-19 03:45:00
910,2011-05-19 03:50:00
911,2011-05-19 03:55:00
912,2011-05-19 04:00:00
913,2011-05-19 04:05:00
914,2011-05-19 04:10:00
915,2011-05-19 04:15:00
916,2011-05-19 04:20:00
917,2011-05-19 04:25:00
918,2011-05-19 04:30:00
919,2011-05-19 04:35:00
920,2011-05-19 04:40:00
921,2011-05-19 04:45:00
922,2011-05-19 04:50:00
923,2011-05-19 04:55:00
924,2011-05-19 05:00:00
925,2011-05-19 05:05:00
926,2011-05-19 05:10:00
927,2011-05-19 05:15:00
928,2011-05-19 05:20:00
929,2011-05-19 05:25:00
930,2011-05-19 05:30:00
931,2011-05-19 05:35:00
932,2011-05-19 05:40:00
933,2011-05-19 05:45:00
934,2011-05-19 05:50:00
935,2011-05-19 05:55:00
936,2011-05-19 06:00:00
937,2011-05-19 06:05:00
938,2011-05-19 06:10:00
939,2011-05-19 06:15:00
940,2011-05-19 06:20:00
941,2011-05-19 06:25:00
942,2011-05-19 06:30:00
943,2011-05-19 06:35:00
944,2011-05-19 06:40:00
945,2011-05-19 06:45:00
946,2011-05-19 06:50:00
947,2011-05-19 06:55:00
948,2011-05-19 07:00:00
949,2011-05-19 07:05:00
950,2011-05-19 07:10:00
951,2011-05-19 07:15:00
952,2011-05-19 07:20:00
953,2011-05-19 07:25:00
954,2011-05-19 07:30:00
955,2011-05-19 07:35:00
956,2011-05-19 07:40:00
957,2011-05-19 07:45:00
958,2011-05-19 07:50:00
959,2011-05-19 07:55:00
960,2011-05-19 08:00:00
961,2011-05-19 08:05:00
962,2011-05-19 08:10:00
963,2011-05-19 08:15:00
964,2011-05-19 08:20:00
965,2011-05-19 08:25:00
966,2011-05-19 08:30:00
967,2011-05-19 08:35:00
968,2011-05-19 08:40:00
969,2011-05-19 08:45:00
970,2011-05-19 08:50:00
971,2011-05-19 08:55:00
972,2011-05-19 09:00:00
973,2011-05-19 09:05:00
974,2011-05-19 09:10:00
975,2011-05-19 09:15:00
976,2011-05-19 09:20:00
977,2011-05-19 09:25:00
978,2011-05-19 09:30:00
979,2011-05-19 09:35:00
980,2011-05-19 09:40:00
981,2011-05-19 09:45:00
982,2011-05-19 09:50:00
983,2011-05-19 09:55:00
984,2011-05-19 10:00:00
985,2011-05-19 10:05:00
986,2011-05-19 10:10:00
987,2011-05-19 10:15:00
988,2011-05-19 10:20:00
989,2011-05-19 10:25:00
990,2011-05-19 10:30:00
991,2011-05-19 10:35:00
992,2011-05-19 10:40:00
993,2011-05-19 10:45:00
994,2011-05-19 10:50:00
995,2011-05-19 10:55:00
996,2011-05-19 11:00:00
997,2011-05-19 11:05:00
998,2011-05-19 11:10:00
999,2011-05-19 11:15:00
1000,2011-05-19 11:20:00
1001,2011-05-19 11:25:00
1002,2011-05-19 11:30:00
1003,2011-05-19 11:35:00
1004,2011-05-19 11:40:00
1005,2011-05-19 11:45:00
1006,2011-05-19 11:50:00
1007,2011-05-19 11:55:00
1008,2011-05-19 12:00:00
1009,2011-05-19 12:05:00
1010,2011-05-19 12:10:00
1011,2011-05-19 12:15:00
1012,2011-05-19 12:20:00
1013,2011-05-19 12:25:00
1014,2011-05-19 12:30:00
1015,2011-05-19 12:35:00
1016,2011-05-19 12:40:00
1017,2011-05-19 12:45:00
1018,2011-05-19 12:50:00
1019,2011-05-19 12:55:00
1020,2011-05-19 13:00:00
1021,2011-05-19 13:05:00
1022,2011-05-19 13:10:00
1023,2011-05-19 13:15:00
1024,2011-05-19 13:20:00
1025,2011-05-19 13:25:00
1026,2011-05-19 13:30:00
1027,2011-05-19 13:35:00
1028,2011-05-19 13:40:00
1029,2011-05-19 13:45:00
1030,2011-05-19 13:50:00
1031,2011-05-19 13:55:00
1032,2011-05-19 14:00:00
1033,2011-05-19 14:05:00
1034,2011-05-19 14:10:00
1035,2011-05-19 14:15:00
1036,2011-05-19 14:20:00
1037,2011-05-19 14:25:00
1038,2011-05-19 14:30:00
1039,2011-05-19 14:35:00
1040,2011-05-19 14:40:00
1041,2011-05-19 14:45:00
1042,2011-05-19 14:50:00
1043,2011-05-19 14:55:00
1044,2011-05-19 15:00:00
1045,2011-05-19 15:05:00
1046,2011-05-19 15:10:00
1047,2011-05-19 15:15:00
1048,2011-05-19 15:20:00
1049,2011-05-19 15:25:00
1050,2011-05-19 15:30:00
1051,2011-05-19 15:35:00
1052,2011-05-19 15:40:00
1053,2011-05-19 15:45:00
1054,2011-05-19 15:50:00
1055,2011-05-19 15:55:00
1056,2011-05-19 16:00:00
1057,2011-05-19 16:05:00
1058,2011-05-19 16:10:00
1059,2011-05-19 16:15:00
1060,2011-05-19 16:20:00
1061,2011-05-19 16:25:00
1062,2011-05-19 16:30:00
1063,2011-05-19 16:35:00
1064,2011-05-19 16:40:00
1065,2011-05-19 16:45:00
1066,2011-05-19 16:50:00
1067,2011-05-19 16:55:00
1068,2011-05-19 17:00:00
1069,2011-05-19 17:05:00
1070,2011-05-19 17:10:00
1071,2011-05-19 17:15:00
1072,2011-05-19 17:20:00
1073,2011-05-19 17:25:00
1074,2011-05-19 17:30:00
1075,2011-05-19 17:35:00
1076,2011-05-19 17:40:00
1077,2011-05-19 17:45:00
1078,2011-05-19 17:50:00
1079,2011-05-19 17:55:00
1080,2011-05-19 18:00:00
1081,2011-05-19 18:05:00
1082,2011-05-19 18:10:00
1083,2011-05-19 18:15:00
1084,2011-05-19 18:20:00
1085,2011-05-19 18:25:00
1086,2011-05-19 18:30:00
1087,2011-05-19 18:35:00
1088,2011-05-19 18:40:00
1089,2011-05-19 18:45:00
1090,2011-05-19 18:50:00
1091,2011-05-19 18:55:00
1092,2011-05-19 19:00:00
1093,2011-05-19 19:05:00
1094,2011-05-19 19:10:00
1095,2011-05-19 19:15:00
1096,2011-05-19 19:20:00
1097,2011-05-19 19:25:00
1098,2011-05-19 19:30:00
1099,2011-05-19 19:35:00
1100,2011-05-19 19:40:00
1101,2011-05-19 19:45:00
1102,2011-05-19 19:50:00
1103,2011-05-19 19:55:00
1104,2011-05-19 20:00:00
1105,2011-05-19 20:05:00
1106,2011-05-19 20:10:00
1107,2011-05-19 20:15:00
1108,2011-05-19 20:20:00
1109,2011-05-19 20:25:00
1110,2011-05-19 20:30:00
1111,2011-05-19 20:35:00
1112,2011-05-19 20:40:00
1113,2011-05-19 20:45:00
1114,2011-05-19 20:50:00
1115,2011-05-19 20:55:00
1116,2011-05-19 21:00:00
1117,2011-05-19 21:05:00
1118,2011-05-19 21:10:00
1119,2011-05-19 21:15:00
1120,2011-05-19 21:20:00
1121,2011-05-19 21:25:00
1122,2011-05-19 21:30:00
1123,2011-05-19 21:35:00
1124,2011-05-19 21:40:00
1125,2011-05-19 21:45:00
1126,2011-05-19 21:50:00
1127,2011-05-19 21:55:00
1128,2011-05-19 22:00:00
1129,2011-05-19 22:05:00
1130,2011-05-19 22:10:00
1131,2011-05-19 22:15:00
1132,2011-05-19 22:20:00
1133,2011-05-19 22:25:00
1134,2011-05-19 22:30:00
1135,2011-05-19 22:35:00
1136,2011-05-19 22:40:00
1137,2011-05-19 22:45:00
1138,2011-05-19 22:50:00
1139,2011-05-19 22:55:00
1140,2011-05-19 23:00:00
1141,2011-05-19 23:05:00
1142,2011-05-19 23:10:00
1143,2011-05-19 23:15:00
1144,2011-05-19 23:20:00
1145,2011-05-19 23:25:00
1146,2011-05-19 23:30:00
1147,2011-05-19 23:35:00
1148,2011-05-19 23:40:00
1149,2011-05-19 23:45:00
1150,2011-05-19 23:50:00
1151,2011-05-19 23:55:00
1152,2011-05-20 00:00:00
1153,2011-05-20 00:05:00
1154,2011-05-20 00:10:00
1155,2011-05-20 00:15:00
1156,2011-05-20 00:20:00
1157,2011-05-20 00:25:00
1158,2011-05-20 00:30:00
1159,2011-05-20 00:35:00
1160,2011-05-20 00:40:00
1161,2011-05-20 00:45:00
1162,2011-05-20 00:50:00
1163,2011-05-20 00:55:00
1164,2011-05-20 01:00:00
1165,2011-05-20 01:05:00
1166,2011-05-20 01:10:00
1167,2011-05-20 01:15:00
1168,2011-05-20 01:20:00
1169,2011-05-20 01:25:00
1170,2011-05-20 01:30:00
1171,2011-05-20 01:35:00
1172,2011-05-20 01:40:00
1173,2011-05-20 01:45:00
1174,2011-05-20 01:50:00
1175,2011-05-20 01:55:00
1176,2011-05-20 02:00:00
1177,2011-05-20 02:05:00
1178,2011-05-20 02:10:00
1179,2011-05-20 02:15:00
1180,2011-05-20 02:20:00
1181,2011-05-20 02:25:00
1182,2011-05-20 02:30:00
1183,2011-05-20 02:35:00
1184,2011-05-20 02:40:00
1185,2011-05-20 02:45:00
1186,2011-05-20 02:50:00
1187,2011-05-20 02:55:00
1188,2011-05-20 03:00:00
1189,2011-05-20 03:05:00
1190,2011-05-20 03:10:00
1191,2011-05-20 03:15:00
1192,2011-05-20 03:20:00
1193,2011-05-20 03:25:00
1194,2011-05-20 03:30:00
1195,2011-05-20 03:35:00
1196,2011-05-20 03:40:00
1197,2011-05-20 03:45:00
1198,2011-05-20 03:50:00
1199,2011-05-20 03:55:00
1200,2011-05-20 04:00:00
1201,2011-05-20 04:05:00
1202,2011-05-20 04:10:00
1203,2011-05-20 04:15:00
1204,2011-05-20 04:20:00
1205,2011-05-20 04:25:00
1206,2011-05-20 04:30:00
1207,2011-05-20 04:35:00
1208,2011-05-20 04:40:00
1209,2011-05-20 04:45:00
1210,2011-05-20 04:50:00
1211,2011-05-20 04:55:00
1212,2011-05-20 05:00:00
1213,2011-05-20 05:05:00
1214,2011-05-20 05:10:00
1215,2011-05-20 05:15:00
1216,2011-05-20 05:20:00
1217,2011-05-20 05:25:00
1218,2011-05-20 05:30:00
1219,2011-05-20 05:35:00
1220,2011-05-20 05:40:00
1221,2011-05-20 05:45:00
1222,2011-05-20 05:50:00
1223,2011-05-20 05:55:00
1224,2011-05-20 06:00:00
1225,2011-05-20 06:05:00
1226,2011-05-20 06:10:00
1227,2011-05-20 06:15:00
1228,2011-05-20 06:20:00
1229,2011-05-20 06:25:00
1230,2011-05-20 06:30:00
1231,2011-05-20 06:35:00
1232,2011-05-20 06:40:00
1233,2011-05-20 06:45:00
1234,2011-05-20 06:50:00
1235,2011-05-20 06:55:00
1236,2011-05-20 07:00:00
1237,2011-05-20 07:05:00
1238,2011-05-20 07:10:00
1239,2011-05-20 07:15:00
1240,2011-05-20 07:20:00
1241,2011-05-20 07:25:00
1242,2011-05-20 07:30:00
1243,2011-05-20 07:35:00
1244,2011-05-20 07:40:00
1245,2011-05-20 07:45:00
1246,2011-05-20 07:50:00
1247,2011-05-20 07:55:00
1248,2011-05-20 08:00:00
1249,2011-05-20 08:05:00
1250,2011-05-20 08:10:00
1251,2011-05-20 08:15:00
1252,2011-05-20 08:20:00
1253,2011-05-20 08:25:00
1254,2011-05-20 08:30:00
1255,2011-05-20 08:35:00
1256,2011-05-20 08:40:00
1257,2011-05-20 08:45:00
1258,2011-05-20 08:50:00
1259,2011-05-20 08:55:00
1260,2011-05-20 09:00:00
1261,2011-05-20 09:05:00
1262,2011-05-20 09:10:00
1263,2011-05-20 09:15:00
1264,2011-05-20 09:20:00
1265,2011-05-20 09:25:00
1266,2011-05-20 09:30:00
1267,2011-05-20 09:35:00
1268,2011-05-20 09:40:00
1269,2011-05-20 09:45:00
1270,2011-05-20 09:50:00
1271,2011-05-20 09:55:00
1272,2011-05-20 10:00:00
1273,2011-05-20 10:05:00
1274,2011-05-20 10:10:00
1275,2011-05-20 10:15:00
1276,2011-05-20 10:20:00
1277,2011-05-20 10:25:00
1278,2011-05-20 10:30:00
1279,2011-05-20 10:35:00
1280,2011-05-20 10:40:00
1281,2011-05-20 10:45:00
1282,2011-05-20 10:50:00
1283,2011-05-20 10:55:00
1284,2011-05-20 11:00:00
1285,2011-05-20 11:05:00
1286,2011-05-20 11:10:00
1287,2011-05-20 11:15:00
1288,2011-05-20 11:20:00
1289,2011-05-20 11:25:00
1290,2011-05-20 11:30:00
1291,2011-05-20 11:35:00
1292,2011-05-20 11:40:00
1293,2011-05-20 11:45:00
1294,2011-05-20 11:50:00
1295,2011-05-20 11:55:00
1296,2011-05-20 12:00:00
1297,2011-05-20 12:05:00
1298,2011-05-20 12:10:00
1299,2011-05-20 12:15:00
1300,2011-05-20 12:20:00
1301,2011-05-20 12:25:00
1302,2011-05-20 12:30:00
1303,2011-05-20 12:35:00
1304,2011-05-20 12:40:00
1305,2011-05-20 12:45:00
1306,2011-05-20 12:50:00
1307,2011-05-20 12:55:00
1308,2011-05-20 13:00:00
1309,2011-05-20 13:05:00
1310,2011-05-20 13:10:00
1311,2011-05-20 13:15:00
1312,2011-05-20 13:20:00
1313,2011-05-20 13:25:00
1314,2011-05-20 13:30:00
1315,2011-05-20 13:35:00
1316,2011-05-20 13:40:00
1317,2011-05-20 13:45:00
1318,2011-05-20 13:50:00
1319,2011-05-20 13:55:00
1320,2011-05-20 14:00:00
1321,2011-05-20 14:05:00
1322,2011-05-20 14:10:00
1323,2011-05-20 14:15:00
1324,2011-05-20 14:20:00
1325,2011-05-20 14:25:00
1326,2011-05-20 14:30:00
1327,2011-05-20 14:35:00
1328,2011-05-20 14:40:00
1329,2011-05-20 14:45:00
1330,2011-05-20 14:50:00
1331,2011-05-20 14:55:00
1332,2011-05-20 15:00:00
1333,2011-05-20 15:05:00
1334,2011-05-20 15:10:00
1335,2011-05-20 15:15:00
1336,2011-05-20 15:20:00
1337,2011-05-20 15:25:00
1338,2011-05-20 15:30:00
1339,2011-05-20 15:35:00
1340,2011-05-20 15:40:00
1341,2011-05-20 15:45:00
1342,2011-05-20 15:50:00
1343,2011-05-20 15:55:00
1344,2011-05-20 16:00:00
1345,2011-05-20 16:05:00
1346,2011-05-20 16:10:00
1347,2011-05-20 16:15:00
1348,2011-05-20 16:20:00
1349,2011-05-20 16:25:00
1350,2011-05-20 16:30:00
1351,2011-05-20 16:35:00
1352,2011-05-20 16:40:00
1353,2011-05-20 16:45:00
1354,2011-05-20 16:50:00
1355,2011-05-20 16:55:00
1356,2011-05-20 17:00:00
1357,2011-05-20 17:05:00
1358,2011-05-20 17:10:00
1359,2011-05-20 17:15:00
1360,2011-05-20 17:20:00
1361,2011-05-20 17:25:00
1362,2011-05-20 17:30:00
1363,2011-05-20 17:35:00
1364,2011-05-20 17:40:00
1365,2011-05-20 17:45:00
1366,2011-05-20 17:50:00
1367,2011-05-20 17:55:00
1368,2011-05-20 18:00:00
1369,2011-05-20 18:05:00
1370,2011-05-20 18:10:00
1371,2011-05-20 18:15:00
1372,2011-05-20 18:20:00
1373,2011-05-20 18:25:00
1374,2011-05-20 18:30:00
1375,2011-05-20 18:35:00
1376,2011-05-20 18:40:00
1377,2011-05-20 18:45:00
1378,2011-05-20 18:50:00
1379,2011-05-20 18:55:00
1380,2011-05-20 19:00:00
1381,2011-05-20 19:05:00
1382,2011-05-20 19:10:00
1383,2011-05-20 19:15:00
1384,2011-05-20 19:20:00
1385,2011-05-20 19:25:00
1386,2011-05-20 19:30:00
1387,2011-05-20 19:35:00
1388,2011-05-20 19:40:00
1389,2011-05-20 19:45:00
1390,2011-05-20 19:50:00
1391,2011-05-20 19:55:00
1392,2011-05-20 20:00:00
1393,2011-05-20 20:05:00
1394,2011-05-20 20:10:00
1395,2011-05-20 20:15:00
1396,2011-05-20 20:20:00
1397,2011-05-20 20:25:00
1398,2011-05-20 20:30:00
1399,2011-05-20 20:35:00
1400,2011-05-20 20:40:00
1401,2011-05-20 20:45:00
1402,2011-05-20 20:50:00
1403,2011-05-20 20:55:00
1404,2011-05-20 21:00:00
1405,2011-05-20 21:05:00
1406,2011-05-20 21:10:00
1407,2011-05-20 21:15:00
1408,2011-05-20 21:20:00
1409,2011-05-20 21:25:00
1410,2011-05-20 21:30:00
1411,2011-05-20 21:35:00
1412,2011-05-20 21:40:00
1413,2011-05-20 21:45:00
1414,2011-05-20 21:50:00
1415,2011-05-20 21:55:00
1416,2011-05-20 22:00:00
1417,2011-05-20 22:05:00
1418,2011-05-20 22:10:00
1419,2011-05-20 22:15:00
1420,2011-05-20 22:20:00
1421,2011-05-20 22:25:00
1422,2011-05-20 22:30:00
1423,2011-05-20 22:35:00
1424,2011-05-20 22:40:00
1425,2011-05-20 22:45:00
1426,2011-05-20 22:50:00
1427,2011-05-20 22:55:00
1428,2011-05-20 23:00:00
1429,2011-05-20 23:05:00
1430,2011-05-20 23:10:00
1431,2011-05-20 23:15:00
1432,2011-05-20 23:20:00
1433,2011-05-20 23:25:00
1434,2011-05-20 23:30:00
1435,2011-05-20 23:35:00
1436,2011-05-20 23:40:00
1437,2011-05-20 23:45:00
1438,2011-05-20 23:50:00
1439,2011-05-20 23:55:00
1440,2011-05-21 00:00:00
1441,2011-05-21 00:05:00
1442,2011-05-21 00:10:00
1443,2011-05-21 00:15:00
1444,2011-05-21 00:20:00
1445,2011-05-21 00:25:00
1446,2011-05-21 00:30:00
1447,2011-05-21 00:35:00
1448,2011-05-21 00:40:00
1449,2011-05-21 00:45:00
1450,2011-05-21 00:50:00
1451,2011-05-21 00:55:00
1452,2011-05-21 01:00:00
1453,2011-05-21 01:05:00
1454,2011-05-21 01:10:00
1455,2011-05-21 01:15:00
1456,2011-05-21 01:20:00
1457,2011-05-21 01:25:00
1458,2011-05-21 01:30:00
1459,2011-05-21 01:35:00
1460,2011-05-21 01:40:00
1461,2011-05-21 01:45:00
1462,2011-05-21 01:50:00
1463,2011-05-21 01:55:00
1464,2011-05-21 02:00:00
1465,2011-05-21 02:05:00
1466,2011-05-21 02:10:00
1467,2011-05-21 02:15:00
1468,2011-05-21 02:20:00
1469,2011-05-21 02:25:00
1470,2011-05-21 02:30:00
1471,2011-05-21 02:35:00
1472,2011-05-21 02:40:00
1473,2011-05-21 02:45:00
1474,2011-05-21 02:50:00
1475,2011-05-21 02:55:00
1476,2011-05-21 03:00:00
1477,2011-05-21 03:05:00
1478,2011-05-21 03:10:00
1479,2011-05-21 03:15:00
1480,2011-05-21 03:20:00
1481,2011-05-21 03:25:00
1482,2011-05-21 03:30:00
1483,2011-05-21 03:35:00
1484,2011-05-21 03:40:00
1485,2011-05-21 03:45:00
1486,2011-05-21 03:50:00
1487,2011-05-21 03:55:00
1488,2011-05-21 04:00:00
1489,2011-05-21 04:05:00
1490,2011-05-21 04:10:00
1491,2011-05-21 04:15:00
1492,2011-05-21 04:20:00
1493,2011-05-21 04:25:00
1494,2011-05-21 04:30:00
1495,2011-05-21 04:35:00
1496,2011-05-21 04:40:00
1497,2011-05-21 04:45:00
1498,2011-05-21 04:50:00
1499,2011-05-21 04:55:00
1500,2011-05-21 05:00:00
1501,2011-05-21 05:05:00
1502,2011-05-21 05:10:00
1503,2011-05-21 05:15:00
1504,2011-05-21 05:20:00
1505,2011-05-21 05:25:00
1506,2011-05-21 05:30:00
1507,2011-05-21 05:35:00
1508,2011-05-21 05:40:00
1509,2011-05-21 05:45:00
1510,2011-05-21 05:50:00
1511,2011-05-21 05:55:00
1512,2011-05-21 06:00:00
1513,2011-05-21 06:05:00
1514,2011-05-21 06:10:00
1515,2011-05-21 06:15:00
1516,2011-05-21 06:20:00
1517,2011-05-21 06:25:00
1518,2011-05-21 06:30:00
1519,2011-05-21 06:35:00
1520,2011-05-21 06:40:00
1521,2011-05-21 06:45:00
1522,2011-05-21 06:50:00
1523,2011-05-21 06:55:00
1524,2011-05-21 07:00:00
1525,2011-05-21 07:05:00
1526,2011-05-21 07:10:00
1527,2011-05-21 07:15:00
1528,2011-05-21 07:20:00
1529,2011-05-21 07:25:00
1530,2011-05-21 07:30:00
1531,2011-05-21 07:35:00
1532,2011-05-21 07:40:00
1533,2011-05-21 07:45:00
1534,2011-05-21 07:50:00
1535,2011-05-21 07:55:00
1536,2011-05-21 08:00:00
1537,2011-05-21 08:05:00
1538,2011-05-21 08:10:00
1539,2011-05-21 08:15:00
1540,2011-05-21 08:20:00
1541,2011-05-21 08:25:00
1542,2011-05-21 08:30:00
1543,2011-05-21 08:35:00
1544,2011-05-21 08:40:00
1545,2011-05-21 08:45:00
1546,2011-05-21 08:50:00
1547,2011-05-21 08:55:00
1548,2011-05-21 09:00:00
1549,2011-05-21 09:05:00
1550,2011-05-21 09:10:00
1551,2011-05-21 09:15:00
1552,2011-05-21 09:20:00
1553,2011-05-21 09:25:00
1554,2011-05-21 09:30:00
1555,2011-05-21 09:35:00
1556,2011-05-21 09:40:00
1557,2011-05-21 09:45:00
1558,2011-05-21 09:50:00
1559,2011-05-21 09:55:00
1560,2011-05-21 10:00:00
1561,2011-05-21 10:05:00
1562,2011-05-21 10:10:00
1563,2011-05-21 10:15:00
1564,2011-05-21 10:20:00
1565,2011-05-21 10:25:00
1566,2011-05-21 10:30:00
1567,2011-05-21 10:35:00
1568,2011-05-21 10:40:00
1569,2011-05-21 10:45:00
1570,2011-05-21 10:50:00
1571,2011-05-21 10:55:00
1572,2011-05-21 11:00:00
1573,2011-05-21 11:05:00
1574,2011-05-21 11:10:00
1575,2011-05-21 11:15:00
1576,2011-05-21 11:20:00
1577,2011-05-21 11:25:00
1578,2011-05-21 11:30:00
1579,2011-05-21 11:35:00
1580,2011-05-21 11:40:00
1581,2011-05-21 11:45:00
1582,2011-05-21 11:50:00
1583,2011-05-21 11:55:00
1584,2011-05-21 12:00:00
1585,2011-05-21 12:05:00
1586,2011-05-21 12:10:00
1587,2011-05-21 12:15:00
1588,2011-05-21 12:20:00
1589,2011-05-21 12:25:00
1590,2011-05-21 12:30:00
1591,2011-05-21 12:35:00
1592,2011-05-21 12:40:00
1593,2011-05-21 12:45:00
1594,2011-05-21 12:50:00
1595,2011-05-21 12:55:00
1596,2011-05-21 13:00:00
1597,2011-05-21 13:05:00
1598,2011-05-21 13:10:00
1599,2011-05-21 13:15:00
1600,2011-05-21 13:20:00
1601,2011-05-21 13:25:00
1602,2011-05-21 13:30:00
1603,2011-05-21 13:35:00
1604,2011-05-21 13:40:00
1605,2011-05-21 13:45:00
1606,2011-05-21 13:50:00
1607,2011-05-21 13:55:00
1608,2011-05-21 14:00:00
1609,2011-05-21 14:05:00
1610,2011-05-21 14:10:00
1611,2011-05-21 14:15:00
1612,2011-05-21 14:20:00
1613,2011-05-21 14:25:00
1614,2011-05-21 14:30:00
1615,2011-05-21 14:35:00
1616,2011-05-21 14:40:00
1617,2011-05-21 14:45:00
1618,2011-05-21 14:50:00
1619,2011-05-21 14:55:00
1620,2011-05-21 15:00:00
1621,2011-05-21 15:05:00
1622,2011-05-21 15:10:00
1623,2011-05-21 15:15:00
1624,2011-05-21 15:20:00
1625,2011-05-21 15:25:00
1626,2011-05-21 15:30:00
1627,2011-05-21 15:35:00
1628,2011-05-21 15:40:00
1629,2011-05-21 15:45:00
1630,2011-05-21 15:50:00
1631,2011-05-21 15:55:00
1632,2011-05-21 16:00:00
1633,2011-05-21 16:05:00
1634,2011-05-21 16:10:00
1635,2011-05-21 16:15:00
1636,2011-05-21 16:20:00
1637,2011-05-21 16:25:00
1638,2011-05-21 16:30:00
1639,2011-05-21 16:35:00
1640,2011-05-21 16:40:00
1641,2011-05-21 16:45:00
1642,2011-05-21 16:50:00
1643,2011-05-21 16:55:00
1644,2011-05-21 17:00:00
1645,2011-05-21 17:05:00
1646,2011-05-21 17:10:00
1647,2011-05-21 17:15:00
1648,2011-05-21 17:20:00
1649,2011-05-21 17:25:00
1650,2011-05-21 17:30:00
1651,2011-05-21 17:35:00
1652,2011-05-21 17:40:00
1653,2011-05-21 17:45:00
1654,2011-05-21 17:50:00
1655,2011-05-21 17:55:00
1656,2011-05-21 18:00:00
1657,2011-05-21 18:05:00
1658,2011-05-21 18:10:00
1659,2011-05-21 18:15:00
1660,2011-05-21 18:20:00
1661,2011-05-21 18:25:00
1662,2011-05-21 18:30:00
1663,2011-05-21 18:35:00
1664,2011-05-21 18:40:00
1665,2011-05-21 18:45:00
1666,2011-05-21 18:50:00
1667,2011-05-21 18:55:00
1668,2011-05-21 19:00:00
1669,2011-05-21 19:05:00
1670,2011-05-21 19:10:00
1671,2011-05-21 19:15:00
1672,2011-05-21 19:20:00
1673,2011-05-21 19:25:00
1674,2011-05-21 19:30:00
1675,2011-05-21 19:35:00
1676,2011-05-21 19:40:00
1677,2011-05-21 19:45:00
1678,2011-05-21 19:50:00
1679,2011-05-21 19:55:00
1680,2011-05-21 20:00:00
1681,2011-05-21 20:05:00
1682,2011-05-21 20:10:00
1683,2011-05-21 20:15:00
1684,2011-05-21 20:20:00
1685,2011-05-21 20:25:00
1686,2011-05-21 20:30:00
1687,2011-05-21 20:35:00
1688,2011-05-21 20:40:00
1689,2011-05-21 20:45:00
1690,2011-05-21 20:50:00
1691,2011-05-21 20:55:00
1692,2011-05-21 21:00:00
1693,2011-05-21 21:05:00
1694,2011-05-21 21:10:00
1695,2011-05-21 21:15:00
1696,2011-05-21 21:20:00
1697,2011-05-21 21:25:00
1698,2011-05-21 21:30:00
1699,2011-05-21 21:35:00
1700,2011-05-21 21:40:00
1701,2011-05-21 21:45:00
1702,2011-05-21 21:50:00
1703,2011-05-21 21:55:00
1704,2011-05-21 22:00:00
1705,2011-05-21 22:05:00
1706,2011-05-21 22:10:00
1707,2011-05-21 22:15:00
1708,2011-05-21 22:20:00
1709,2011-05-21 22:25:00
1710,2011-05-21 22:30:00
1711,2011-05-21 22:35:00
1712,2011-05-21 22:40:00
1713,2011-05-21 22:45:00
1714,2011-05-21 22:50:00
1715,2011-05-21 22:55:00
1716,2011-05-21 23:00:00
1717,2011-05-21 23:05:00
1718,2011-05-21 23:10:00
1719,2011-05-21 23:15:00
1720,2011-05-21 23:20:00
1721,2011-05-21 23:25:00
1722,2011-05-21 23:30:00
1723,2011-05-21 23:35:00
1724,2011-05-21 23:40:00
1725,2011-05-21 23:45:00
1726,2011-05-21 23:50:00
1727,2011-05-21 23:55:00
1728,2011-05-22 00:00:00
1729,2011-05-22 00:05:00
1730,2011-05-22 00:10:00
1731,2011-05-22 00:15:00
1732,2011-05-22 00:20:00
1733,2011-05-22 00:25:00
1734,2011-05-22 00:30:00
1735,2011-05-22 00:35:00
1736,2011-05-22 00:40:00
1737,2011-05-22 00:45:00
1738,2011-05-22 00:50:00
1739,2011-05-22 00:55:00
1740,2011-05-22 01:00:00
1741,2011-05-22 01:05:00
1742,2011-05-22 01:10:00
1743,2011-05-22 01:15:00
1744,2011-05-22 01:20:00
1745,2011-05-22 01:25:00
1746,2011-05-22 01:30:00
1747,2011-05-22 01:35:00
1748,2011-05-22 01:40:00
1749,2011-05-22 01:45:00
1750,2011-05-22 01:50:00
1751,2011-05-22 01:55:00
1752,2011-05-22 02:00:00
1753,2011-05-22 02:05:00
1754,2011-05-22 02:10:00
1755,2011-05-22 02:15:00
1756,2011-05-22 02:20:00
1757,2011-05-22 02:25:00
1758,2011-05-22 02:30:00
1759,2011-05-22 02:35:00
1760,2011-05-22 02:40:00
1761,2011-05-22 02:45:00
1762,2011-05-22 02:50:00
1763,2011-05-22 02:55:00
1764,2011-05-22 03:00:00
1765,2011-05-22 03:05:00
1766,2011-05-22 03:10:00
1767,2011-05-22 03:15:00
1768,2011-05-22 03:20:00
1769,2011-05-22 03:25:00
1770,2011-05-22 03:30:00
1771,2011-05-22 03:35:00
1772,2011-05-22 03:40:00
1773,2011-05-22 03:45:00
1774,2011-05-22 03:50:00
1775,2011-05-22 03:55:00
1776,2011-05-22 04:00:00
1777,2011-05-22 04:05:00
1778,2011-05-22 04:10:00
1779,2011-05-22 04:15:00
1780,2011-05-22 04:20:00
1781,2011-05-22 04:25:00
1782,2011-05-22 04:30:00
1783,2011-05-22 04:35:00
1784,2011-05-22 04:40:00
1785,2011-05-22 04:45:00
1786,2011-05-22 04:50:00
1787,2011-05-22 04:55:00
1788,2011-05-22 05:00:00
1789,2011-05-22 05:05:00
1790,2011-05-22 05:10:00
1791,2011-05-22 05:15:00
1792,2011-05-22 05:20:00
1793,2011-05-22 05:25:00
1794,2011-05-22 05:30:00
1795,2011-05-22 05:35:00
1796,2011-05-22 05:40:00
1797,2011-05-22 05:45:00
1798,2011-05-22 05:50:00
1799,2011-05-22 05:55:00
1800,2011-05-22 06:00:00
1801,2011-05-22 06:05:00
1802,2011-05-22 06:10:00
1803,2011-05-22 06:15:00
1804,2011-05-22 06:20:00
1805,2011-05-22 06:25:00
1806,2011-05-22 06:30:00
1807,2011-05-22 06:35:00
1808,2011-05-22 06:40:00
1809,2011-05-22 06:45:00
1810,2011-05-22 06:50:00
1811,2011-05-22 06:55:00
1812,2011-05-22 07:00:00
1813,2011-05-22 07:05:00
1814,2011-05-22 07:10:00
1815,2011-05-22 07:15:00
1816,2011-05-22 07:20:00
1817,2011-05-22 07:25:00
1818,2011-05-22 07:30:00
1819,2011-05-22 07:35:00
1820,2011-05-22 07:40:00
1821,2011-05-22 07:45:00
1822,2011-05-22 07:50:00
1823,2011-05-22 07:55:00
1824,2011-05-22 08:00:00
1825,2011-05-22 08:05:00
1826,2011-05-22 08:10:00
1827,2011-05-22 08:15:00
1828,2011-05-22 08:20:00
1829,2011-05-22 08:25:00
1830,2011-05-22 08:30:00
1831,2011-05-22 08:35:00
1832,2011-05-22 08:40:00
1833,2011-05-22 08:45:00
1834,2011-05-22 08:50:00
1835,2011-05-22 08:55:00
1836,2011-05-22 09:00:00
1837,2011-05-22 09:05:00
1838,2011-05-22 09:10:00
1839,2011-05-22 09:15:00
1840,2011-05-22 09:20:00
1841,2011-05-22 09:25:00
1842,2011-05-22 09:30:00
1843,2011-05-22 09:35:00
1844,2011-05-22 09:40:00
1845,2011-05-22 09:45:00
1846,2011-05-22 09:50:00
1847,2011-05-22 09:55:00
1848,2011-05-22 10:00:00
1849,2011-05-22 10:05:00
1850,2011-05-22 10:10:00
1851,2011-05-22 10:15:00
1852,2011-05-22 10:20:00
1853,2011-05-22 10:25:00
1854,2011-05-22 10:30:00
1855,2011-05-22 10:35:00
1856,2011-05-22 10:40:00
1857,2011-05-22 10:45:00
1858,2011-05-22 10:50:00
1859,2011-05-22 10:55:00
1860,2011-05-22 11:00:00
1861,2011-05-22 11:05:00
1862,2011-05-22 11:10:00
1863,2011-05-22 11:15:00
1864,2011-05-22 11:20:00
1865,2011-05-22 11:25:00
1866,2011-05-22 11:30:00
1867,2011-05-22 11:35:00
1868,2011-05-22 11:40:00
1869,2011-05-22 11:45:00
1870,2011-05-22 11:50:00
1871,2011-05-22 11:55:00
1872,2011-05-22 12:00:00
1873,2011-05-22 12:05:00
1874,2011-05-22 12:10:00
1875,2011-05-22 12:15:00
1876,2011-05-22 12:20:00
1877,2011-05-22 12:25:00
1878,2011-05-22 12:30:00
1879,2011-05-22 12:35:00
1880,2011-05-22 12:40:00
1881,2011-05-22 12:45:00
1882,2011-05-22 12:50:00
1883,2011-05-22 12:55:00
1884,2011-05-22 13:00:00
1885,2011-05-22 13:05:00
1886,2011-05-22 13:10:00
1887,2011-05-22 13:15:00
1888,2011-05-22 13:20:00
1889,2011-05-22 13:25:00
1890,2011-05-22 13:30:00
1891,2011-05-22 13:35:00
1892,2011-05-22 13:40:00
1893,2011-05-22 13:45:00
1894,2011-05-22 13:50:00
1895,2011-05-22 13:55:00
1896,2011-05-22 14:00:00
1897,2011-05-22 14:05:00
1898,2011-05-22 14:10:00
1899,2011-05-22 14:15:00
1900,2011-05-22 14:20:00
1901,2011-05-22 14:25:00
1902,2011-05-22 14:30:00
1903,2011-05-22 14:35:00
1904,2011-05-22 14:40:00
1905,2011-05-22 14:45:00
1906,2011-05-22 14:50:00
1907,2011-05-22 14:55:00
1908,2011-05-22 15:00:00
1909,2011-05-22 15:05:00
1910,2011-05-22 15:10:00
1911,2011-05-22 15:15:00
1912,2011-05-22 15:20:00
1913,2011-05-22 15:25:00
1914,2011-05-22 15:30:00
1915,2011-05-22 15:35:00
1916,2011-05-22 15:40:00
1917,2011-05-22 15:45:00
1918,2011-05-22 15:50:00
1919,2011-05-22 15:55:00
1920,2011-05-22 16:00:00
1921,2011-05-22 16:05:00
1922,2011-05-22 16:10:00
1923,2011-05-22 16:15:00
1924,2011-05-22 16:20:00
1925,2011-05-22 16:25:00
1926,2011-05-22 16:30:00
1927,2011-05-22 16:35:00
1928,2011-05-22 16:40:00
1929,2011-05-22 16:45:00
1930,2011-05-22 16:50:00
1931,2011-05-22 16:55:00
1932,2011-05-22 17:00:00
1933,2011-05-22 17:05:00
1934,2011-05-22 17:10:00
1935,2011-05-22 17:15:00
1936,2011-05-22 17:20:00
1937,2011-05-22 17:25:00
1938,2011-05-22 17:30:00
1939,2011-05-22 17:35:00
1940,2011-05-22 17:40:00
1941,2011-05-22 17:45:00
1942,2011-05-22 17:50:00
1943,2011-05-22 17:55:00
1944,2011-05-22 18:00:00
1945,2011-05-22 18:05:00
1946,2011-05-22 18:10:00
1947,2011-05-22 18:15:00
1948,2011-05-22 18:20:00
1949,2011-05-22 18:25:00
1950,2011-05-22 18:30:00
1951,2011-05-22 18:35:00
1952,2011-05-22 18:40:00
1953,2011-05-22 18:45:00
1954,2011-05-22 18:50:00
1955,2011-05-22 18:55:00
1956,2011-05-22 19:00:00
1957,2011-05-22 19:05:00
1958,2011-05-22 19:10:00
1959,2011-05-22 19:15:00
1960,2011-05-22 19:20:00
1961,2011-05-22 19:25:00
1962,2011-05-22 19:30:00
1963,2011-05-22 19:35:00
1964,2011-05-22 19:40:00
1965,2011-05-22 19:45:00
1966,2011-05-22 19:50:00
1967,2011-05-22 19:55:00
1968,2011-05-22 20:00:00
1969,2011-05-22 20:05:00
1970,2011-05-22 20:10:00
1971,2011-05-22 20:15:00
1972,2011-05-22 20:20:00
1973,2011-05-22 20:25:00
1974,2011-05-22 20:30:00
1975,2011-05-22 20:35:00
1976,2011-05-22 20:40:00
1977,2011-05-22 20:45:00
1978,2011-05-22 20:50:00
1979,2011-05-22 20:55:00
1980,2011-05-22 21:00:00
1981,2011-05-22 21:05:00
1982,2011-05-22 21:10:00
1983,2011-05-22 21:15:00
1984,2011-05-22 21:20:00
1985,2011-05-22 21:25:00
1986,2011-05-22 21:30:00
1987,2011-05-22 21:35:00
1988,2011-05-22 21:40:00
1989,2011-05-22 21:45:00
1990,2011-05-22 21:50:00
1991,2011-05-22 21:55:00
1992,2011-05-22 22:00:00
1993,2011-05-22 22:05:00
1994,2011-05-22 22:10:00
1995,2011-05-22 22:15:00
1996,2011-05-22 22:20:00
1997,2011-05-22 22:25:00
1998,2011-05-22 22:30:00
1999,2011-05-22 22:35:00
2000,2011-05-22 22:40:00
2001,2011-05-22 22:45:00
2002,2011-05-22 22:50:00
2003,2011-05-22 22:55:00
2004,2011-05-22 23:00:00
2005,2011-05-22 23:05:00
2006,2011-05-22 23:10:00
2007,2011-05-22 23:15:00
2008,2011-05-22 23:20:00
2009,2011-05-22 23:25:00
2010,2011-05-22 23:30:00
2011,2011-05-22 23:35:00
2012,2011-05-22 23:40:00
2013,2011-05-22 23:45:00
2014,2011-05-22 23:50:00
2015,2011-05-22 23:55:00
